{
  "condition": "minecraft:entity_properties",
  "entity": "this",
  "predicate": {
    "equipment": {
      "chest": {
        "enchantments": [
          {
            "enchantment": "minecraft:loyalty",
            "levels": 111
          }
        ]
      },
      "legs": {
        "enchantments": [
          {
            "enchantment": "minecraft:loyalty",
            "levels": 111
          }
        ]
      },
      "feet": {
        "enchantments": [
          {
            "enchantment": "minecraft:loyalty",
            "levels": 111
          }
        ]
      }
    }
  }
}
