{
  "parent": "nitaes:recipes/town-plots",
  "display": {
    "icon": {
      "item": "minecraft:spruce_leaves"
    },
    "title": "Decorative Holiday Tree Crafting",
    "description": "O = Snowball\nR = Spruce Log\nD = Dirt\nP = Spruce Sapling\nOx8 | Rx16 | Ox8\nDx4 | Rx16 | Dx4\nDx4 | Px4  | Dx4",
    "frame": "task",
    "show_toast": false,
    "announce_to_chat": false,
    "hidden": false
  },
  "rewards": {
    "function": "nitaes:siteplanner/init_xmas"
  },
  "criteria": {
    "open-dropper": {
      "trigger": "minecraft:item_used_on_block",
      "conditions": {
        "location": {
          "block": {
            "block": "dropper",
			"nbt":"{Items:[{Slot:0b,id:\"minecraft:snowball\",Count:8b},{Slot:1b,id:\"minecraft:spruce_log\",Count:16b},{Slot:2b,id:\"minecraft:snowball\",Count:8b},{Slot:3b,id:\"minecraft:dirt\",Count:4b},{Slot:4b,id:\"minecraft:spruce_log\",Count:16b},{Slot:5b,id:\"minecraft:dirt\",Count:4b},{Slot:6b,id:\"minecraft:dirt\",Count:4b},{Slot:7b,id:\"minecraft:spruce_sapling\",Count:4b},{Slot:8b,id:\"minecraft:dirt\",Count:4b}]}"
          }
        }
      }
    }
  }
}