{
  "parent": "nitaes:recipes/town-roads",
  "display": {
    "icon": {
      "item": "minecraft:oak_slab"
    },
    "title": "Bridge Crafting",
    "description": "F = Oak Fence\nL = Oak Log\nFx2 | Lx2 | Fx2\nFx1 | Lx1 | Fx1\nFx1 | Lx1 | Fx1",
    "frame": "task",
    "show_toast": false,
    "announce_to_chat": false,
    "hidden": false
  },
  "rewards": {
    "function": "nitaes:siteplanner/init_bridge"
  },
  "criteria": {
    "open-dropper": {
      "trigger": "minecraft:item_used_on_block",
      "conditions": {
        "location": {
          "block": {
            "block": "dropper",
			"nbt":"{Items:[{Slot:0b,id:\"minecraft:oak_fence\",Count:2b},{Slot:1b,id:\"minecraft:oak_log\",Count:2b},{Slot:2b,id:\"minecraft:oak_fence\",Count:2b},{Slot:3b,id:\"minecraft:oak_fence\",Count:1b},{Slot:4b,id:\"minecraft:oak_log\",Count:1b},{Slot:5b,id:\"minecraft:oak_fence\",Count:1b},{Slot:6b,id:\"minecraft:oak_fence\",Count:1b},{Slot:7b,id:\"minecraft:oak_log\",Count:1b},{Slot:8b,id:\"minecraft:oak_fence\",Count:1b}]}"
          }
        }
      }
    }
  }
}