{
  "parent": "nitaes:recipes/town-plots",
  "display": {
    "icon": {
      "item": "minecraft:bone"
    },
    "title": "Dog House Crafting",
    "description": "S = Stone\nC = Crimson Stem\nB = Bone\nD = Dirt\nW = Water Bottle\nSx2 | Cx4 | Sx2\nCx4 | Bx4 | Cx4\nDx4 | Wx1  | Dx4",
    "frame": "task",
    "show_toast": false,
    "announce_to_chat": false,
    "hidden": false
  },
  "rewards": {
    "function": "nitaes:siteplanner/init_doghouse"
  },
  "criteria": {
    "open-dropper": {
      "trigger": "minecraft:item_used_on_block",
      "conditions": {
        "location": {
          "block": {
            "block": "dropper",
			"nbt":"{Items:[{Slot:0b,id:\"minecraft:stone\",Count:2b},{Slot:1b,id:\"minecraft:crimson_stem\",Count:4b},{Slot:2b,id:\"minecraft:stone\",Count:2b},{Slot:3b,id:\"minecraft:crimson_stem\",Count:4b},{Slot:4b,id:\"minecraft:bone\",Count:4b},{Slot:5b,id:\"minecraft:crimson_stem\",Count:4b},{Slot:6b,id:\"minecraft:dirt\",Count:4b},{Slot:7b,id:\"minecraft:potion\",Count:1b,tag:{Potion:\"minecraft:water\"}},{Slot:8b,id:\"minecraft:dirt\",Count:4b}]}"
          }
        }
      }
    }
  }
}