{
  "parent": "nitaes:recipes/town-roads",
  "display": {
    "icon": {
      "item": "minecraft:stone_brick_slab"
    },
    "title": "Stonebrick Road Crafting",
    "description": "D = Dirt\nS = Stone\nSx2 | Sx2 | Sx2\nSx1 | Dx1 | Sx1\nSx1 | Dx1 | Sx1",
    "frame": "task",
    "show_toast": false,
    "announce_to_chat": false,
    "hidden": false
  },
  "rewards": {
    "function": "nitaes:siteplanner/init_road_stone"
  },
  "criteria": {
    "open-dropper": {
      "trigger": "minecraft:item_used_on_block",
      "conditions": {
        "location": {
          "block": {
            "block": "dropper",
			"nbt":"{Items:[{Slot:0b,id:\"minecraft:stone\",Count:2b},{Slot:1b,id:\"minecraft:stone\",Count:2b},{Slot:2b,id:\"minecraft:stone\",Count:2b},{Slot:3b,id:\"minecraft:stone\",Count:1b},{Slot:4b,id:\"minecraft:dirt\",Count:1b},{Slot:5b,id:\"minecraft:stone\",Count:1b},{Slot:6b,id:\"minecraft:stone\",Count:1b},{Slot:7b,id:\"minecraft:dirt\",Count:1b},{Slot:8b,id:\"minecraft:stone\",Count:1b}]}"
          }
        }
      }
    }
  }
}