{
  "parent": "nitaes:recipes/town-roads",
  "display": {
    "icon": {
      "item": "minecraft:brick_slab"
    },
    "title": "Brick Road Crafting",
    "description": "B = Brick Block\nD = Dirt\nS = Stone\nBx1 | Bx1 | Bx1\nSx1 | Dx1 | Sx1\nSx1 | Dx1 | Sx1",
    "frame": "task",
    "show_toast": false,
    "announce_to_chat": false,
    "hidden": false
  },
  "rewards": {
    "function": "nitaes:siteplanner/init_road_brick"
  },
  "criteria": {
    "open-dropper": {
      "trigger": "minecraft:item_used_on_block",
      "conditions": {
        "location": {
          "block": {
            "block": "dropper",
			"nbt":"{Items:[{Slot:0b,id:\"minecraft:bricks\",Count:1b},{Slot:1b,id:\"minecraft:bricks\",Count:1b},{Slot:2b,id:\"minecraft:bricks\",Count:1b},{Slot:3b,id:\"minecraft:stone\",Count:1b},{Slot:4b,id:\"minecraft:dirt\",Count:1b},{Slot:5b,id:\"minecraft:stone\",Count:1b},{Slot:6b,id:\"minecraft:stone\",Count:1b},{Slot:7b,id:\"minecraft:dirt\",Count:1b},{Slot:8b,id:\"minecraft:stone\",Count:1b}]}"
          }
        }
      }
    }
  }
}