{
  "parent": "nitaes:recipes/town-plots",
  "display": {
    "icon": {
      "item": "minecraft:sugar_cane"
    },
    "title": "Decorative Pond Crafting",
    "description": "R = Sugarcane\nA = Lantern\nL = Oak Log\nN = Sand\nD = Dirt\nW = Water Bucket (Not returned)\nRx4 | Ax4 | Rx4\nLx4 | Nx4 | Lx4\nDx4 | Wx1 | Dx4",
    "frame": "task",
    "show_toast": false,
    "announce_to_chat": false,
    "hidden": false
  },
  "rewards": {
    "function": "nitaes:siteplanner/init_pond"
  },
  "criteria": {
    "open-dropper": {
      "trigger": "minecraft:item_used_on_block",
      "conditions": {
        "location": {
          "block": {
            "block": "dropper",
			"nbt":"{Items:[{Slot:0b,id:\"minecraft:sugar_cane\",Count:4b},{Slot:1b,id:\"minecraft:lantern\",Count:4b},{Slot:2b,id:\"minecraft:sugar_cane\",Count:4b},{Slot:3b,id:\"minecraft:oak_log\",Count:4b},{Slot:4b,id:\"minecraft:sand\",Count:4b},{Slot:5b,id:\"minecraft:oak_log\",Count:4b},{Slot:6b,id:\"minecraft:dirt\",Count:4b},{Slot:7b,id:\"minecraft:water_bucket\",Count:1b},{Slot:8b,id:\"minecraft:dirt\",Count:4b}]}"
          }
        }
      }
    }
  }
}