{
  "pools": [
    {
      "rolls": 5,
      "bonus_rolls": 1,
      "entries": [
        {
          "type": "item",
          "weight": 23,
          "name": "minecraft:lapis_lazuli",
          "functions": [
            {
              "function": "set_count",
              "count": {
                "min": 1,
                "max": 9
              }
            }
          ]
        },
        {
          "type": "item",
          "weight": 5,
          "name": "minecraft:obsidian",
          "functions": [
            {
              "function": "set_count",
              "count": 1
            }
          ]
        },
        {
          "type": "item",
          "weight": 3,
          "name": "minecraft:diamond",
          "functions": [
            {
              "function": "set_count",
              "count": 1
            }
          ]
        },
        {
          "type": "loot_table",
          "weight": 4,
          "name": "minecraft:chests/stronghold_library",
          "functions": [
            {
              "function": "set_count",
              "count": 1
            }
          ]
        }
      ]
    }
  ]
}