{
  "type": "chest",
  "pools": [
    {
      "rolls": {
        "min": 5,
        "max": 8
      },
      "bonus_rolls": 1,
      "entries": [
        {
          "type": "item",
          "weight": 8,
          "name": "minecraft:leather",
          "functions": [
            {
              "function": "set_count",
              "count": {
                "min": 1,
                "max": 2
              }
            }
          ]
        },
        {
          "type": "item",
          "weight": 12,
          "name": "minecraft:potato",
          "functions": [
            {
              "function": "set_count",
              "count": 1
            }
          ]
        },
        {
          "type": "item",
          "weight": 4,
          "name": "minecraft:poisonous_potato",
          "functions": [
            {
              "function": "set_count",
              "count": 1
            }
          ]
        },
        {
          "type": "item",
          "weight": 3,
          "name": "minecraft:stick",
          "functions": [
            {
              "function": "set_count",
              "count": {
                "min": 1,
                "max": 4
              }
            }
          ]
        },
        {
          "type": "item",
          "weight": 4,
          "name": "minecraft:arrow",
          "functions": [
            {
              "function": "set_count",
              "count": {
                "min": 1,
                "max": 7
              }
            }
          ]
        },
        {
          "type": "item",
          "weight": 2,
          "name": "minecraft:iron_ingot",
          "functions": [
            {
              "function": "set_count",
              "count": 1
            }
          ]
        }
      ]
    },
    {
      "rolls": 3,
      "bonus_rolls": 1,
      "entries": [
        {
          "type": "item",
          "weight": 1,
          "name": "minecraft:diamond",
          "functions": [
            {
              "function": "set_count",
              "count": 1
            }
          ]
        },
        {
          "type": "item",
          "weight": 2,
          "name": "minecraft:golden_apple",
          "functions": [
            {
              "function": "set_count",
              "count": 1
            }
          ]
        },
        {
          "type": "item",
          "weight": 2,
          "name": "minecraft:chain",
          "functions": [
            {
              "function": "set_count",
              "count": 1
            }
          ]
        },
        {
          "type": "item",
          "weight": 5,
          "name": "minecraft:emerald",
          "functions": [
            {
              "function": "set_count",
              "count": 1
            }
          ]
        },
        {
          "type": "item",
          "weight": 3,
          "name": "minecraft:iron_horse_armor",
          "functions": [
            {
              "function": "set_count",
              "count": 1
            }
          ]
        },
        {
          "type": "item",
          "weight": 3,
          "name": "minecraft:iron_sword",
          "functions": [
            {
              "function": "set_count",
              "count": 1
            },
            {
              "function": "set_damage",
              "damage": {
                "min": 0.3,
                "max": 0.5
              }
            },
            {
              "function": "set_name",
              "name": [
                {
                  "text": "Rusty Iron Sword",
                  "italic": "false"
                }
              ]
            }
          ]
        },
        {
          "type": "item",
          "weight": 1,
          "name": "minecraft:bow",
          "functions": [
            {
              "function": "set_count",
              "count": 1
            },
            {
              "function": "set_nbt",
              "tag": "{Enchantments:[{id:\"minecraft:unbreaking\",lvl:1s},{id:\"minecraft:punch\",lvl:1s},{id:\"minecraft:power\",lvl:2s},{id:\"minecraft:flame\",lvl:1s}]}"
            },
            {
              "function": "set_damage",
              "damage": {
                "min": 0.2,
                "max": 0.9
              }
            },
            {
              "function": "set_name",
              "name": [
                {
                  "text": "Ol' Bow",
                  "italic": "false"
                }
              ]
            }
          ]
        },
        {
          "type": "empty",
          "weight": 1
        }
      ]
    }
  ]
}