{
  "type": "chest",
  "pools": [
    {
      "rolls": {
        "min": 5,
        "max": 8
      },
      "bonus_rolls": 1,
      "entries": [
        {
          "type": "item",
          "weight": 1,
          "name": "minecraft:red_sand",
          "functions": [
            {
              "function": "set_count",
              "count": {
                "min": 1,
                "max": 2
              }
            }
          ]
        },
        {
          "type": "item",
          "weight": 1,
          "name": "minecraft:oak_log",
          "functions": [
            {
              "function": "set_count",
              "count": 1
            }
          ]
        },
        {
          "type": "item",
          "weight": 1,
          "name": "minecraft:rabbit_hide",
          "functions": [
            {
              "function": "set_count",
              "count": {
                "min": 1,
                "max": 2
              }
            }
          ]
        },
        {
          "type": "item",
          "weight": 1,
          "name": "minecraft:stick",
          "functions": [
            {
              "function": "set_count",
              "count": {
                "min": 1,
                "max": 4
              }
            }
          ]
        },
        {
          "type": "item",
          "weight": 1,
          "name": "minecraft:cactus",
          "functions": [
            {
              "function": "set_count",
              "count": 1
            }
          ]
        }
      ]
    },
    {
      "rolls": 2,
      "bonus_rolls": 1,
      "entries": [
        {
          "type": "item",
          "weight": 1,
          "name": "minecraft:clock",
          "functions": [
            {
              "function": "set_count",
              "count": 1
            }
          ]
        },
        {
          "type": "item",
          "weight": 1,
          "name": "minecraft:rabbit_stew",
          "functions": [
            {
              "function": "set_count",
              "count": 1
            }
          ]
        },
        {
          "type": "item",
          "weight": 1,
          "name": "minecraft:name_tag",
          "functions": [
            {
              "function": "set_count",
              "count": 1
            }
          ]
        },
        {
          "type": "item",
          "weight": 1,
          "name": "minecraft:saddle",
          "functions": [
            {
              "function": "set_count",
              "count": 1
            }
          ]
        },
        {
          "type": "item",
          "weight": 1,
          "name": "minecraft:leather_horse_armor",
          "functions": [
            {
              "function": "set_count",
              "count": 1
            }
          ]
        },
        {
          "type": "item",
          "weight": 1,
          "name": "minecraft:iron_axe",
          "functions": [
            {
              "function": "set_count",
              "count": 1
            },
            {
              "function": "set_damage",
              "damage": {
                "min": 0.3,
                "max": 0.5
              }
            },
            {
              "function": "set_name",
              "name": [
                {
                  "text": "Rusty Axe",
                  "italic": "false"
                }
              ]
            }
          ]
        },
        {
          "type": "item",
          "weight": 1,
          "name": "minecraft:crossbow",
          "functions": [
            {
              "function": "set_count",
              "count": 1
            },
            {
              "function": "set_nbt",
              "tag": "{Enchantments:[{id:\"minecraft:unbreaking\",lvl:1s},{id:\"minecraft:mending\",lvl:1s},{id:\"minecraft:piercing\",lvl:1s},{id:\"minecraft:quick_charge\",lvl:1s}],ChargedProjectiles:[{id:\"minecraft:arrow\",Count:1b},{},{}],Charged:1b}"
            },
            {
              "function": "set_damage",
              "damage": {
                "min": 0.2,
                "max": 0.5
              }
            },
            {
              "function": "set_name",
              "name": [
                {
                  "text": "Ol' Reliable",
                  "italic": "false"
                }
              ]
            }
          ]
        },
        {
          "type": "empty",
          "weight": 1
        }
      ]
    }
  ]
}