{
  "pools": [
    {
      "rolls": {
        "min": 5,
        "max": 9
      },
      "bonus_rolls": {
        "min": 1,
        "max": 3
      },
      "entries": [
        {
          "type": "item",
          "weight": 9,
          "name": "minecraft:soul_sand",
          "functions": [
            {
              "function": "set_count",
              "count": {
                "min": 1,
                "max": 3
              }
            }
          ]
        },
        {
          "type": "item",
          "weight": 9,
          "name": "minecraft:lapis_lazuli",
          "functions": [
            {
              "function": "set_count",
              "count": {
                "min": 2,
                "max": 4
              }
            }
          ]
        },
        {
          "type": "item",
          "weight": 9,
          "name": "minecraft:soul_soil",
          "functions": [
            {
              "function": "set_count",
              "count": {
                "min": 1,
                "max": 2
              }
            }
          ]
        },
        {
          "type": "item",
          "weight": 1,
          "name": "minecraft:enchanted_book",
          "functions": [
            {
              "function": "set_count",
              "count": 1
            },
            {
              "function": "set_nbt",
              "tag": "{StoredEnchantments:[{id:\"minecraft:soul_speed\",lvl:2s}]}"
            }
          ]
        },
        {
          "type": "item",
          "weight": 1,
          "name": "minecraft:enchanted_book",
          "functions": [
            {
              "function": "set_count",
              "count": 1
            },
            {
              "function": "set_nbt",
              "tag": "{StoredEnchantments:[{id:\"minecraft:soul_speed\",lvl:1s}]}"
            }
          ]
        },
        {
          "type": "item",
          "weight": 7,
          "name": "minecraft:coal",
          "functions": [
            {
              "function": "set_count",
              "count": {
                "min": 2,
                "max": 5
              }
            }
          ]
        },
        {
          "type": "item",
          "weight": 2,
          "name": "minecraft:blaze_powder",
          "functions": [
            {
              "function": "set_count",
              "count": 1
            }
          ]
        },
        {
          "type": "item",
          "weight": 1,
          "name": "minecraft:wither_skeleton_skull",
          "functions": [
            {
              "function": "set_count",
              "count": 1
            }
          ]
        },
        {
          "type": "item",
          "weight": 2,
          "name": "minecraft:obsidian",
          "functions": [
            {
              "function": "set_count",
              "count": {
                "min": 1,
                "max": 2
              }
            }
          ]
        },
        {
          "type": "item",
          "weight": 1,
          "name": "minecraft:diamond_sword",
          "functions": [
            {
              "function": "set_count",
              "count": 1
            },
            {
              "function": "set_nbt",
              "tag": "{Enchantments:[{id:\"minecraft:smite\",lvl:3s},{id:\"minecraft:unbreaking\",lvl:1s}]}"
            },
            {
              "function": "set_damage",
              "damage": {
                "min": 1,
                "max": 0.8
              }
            },
            {
              "function": "set_name",
              "name": [
                {
                  "text": "Wither Slayer",
                  "italic": "false"
                }
              ]
            }
          ]
        },
        {
          "type": "item",
          "weight": 7,
          "name": "minecraft:bone",
          "functions": [
            {
              "function": "set_count",
              "count": {
                "min": 2,
                "max": 5
              }
            }
          ]
        },
        {
          "type": "item",
          "weight": 1,
          "name": "minecraft:iron_chestplate",
          "functions": [
            {
              "function": "set_count",
              "count": 1
            },
            {
              "function": "set_nbt",
              "tag": "{Enchantments:[{id:\"minecraft:blast_protection\",lvl:4s},{id:\"minecraft:unbreaking\",lvl:3s}]}"
            }
          ]
        }
      ]
    }
  ]
}