{
  "criteria": {
    "requirement": {
      "trigger": "minecraft:player_interacted_with_entity",
      "conditions": {
        "item": {
          "items": [
            "minecraft:coal"
          ],
          "nbt": "{coke_fuel:1b}"
        },
        "entity": {
          "type": "minecraft:furnace_minecart",
		  "nbt": "{Tags:[omer03NitFuelCart]}",
          "stepping_on": {
            "block": {
              "blocks": [
                "minecraft:campfire"
              ]
            }
          }
        }
      }
    }
  },
  "rewards": {
	"function": "medievalcastles:start_steel"
  }
}
