{
  "parent": "medievalcastles:recipes/root",
  "display": {
    "icon": {
      "item": "minecraft:anvil"
    },
    "title": "Castle Blacksmith Crafting",
    "description": "G = Gold Ingot\nS = Stone\nL = Oak Log\nA = Anvil\nT = Smithing Table\nF = Blast Furnace\nN = Nether Bricks Block\nSx8  | A | Sx8\nTx2 | Gx8 | Lx8\nNx8  | F | Nx8",
    "frame": "task",
    "show_toast": false,
    "announce_to_chat": false,
    "hidden": false
  },
  "rewards": {
    "function": "medievalcastles:siteplanner/castleplanner/init_blacksmith"
  },
  "criteria": {
    "open-dropper": {
      "trigger": "minecraft:item_used_on_block",
      "conditions": {
        "location": {
          "block": {
            "block": "dropper",
			"nbt":"{Items:[{Slot:0b,id:\"minecraft:stone\",Count:8b},{Slot:1b,id:\"minecraft:anvil\",Count:1b},{Slot:2b,id:\"minecraft:stone\",Count:8b},{Slot:3b,id:\"minecraft:smithing_table\",Count:2b},{Slot:4b,id:\"minecraft:gold_ingot\",Count:8b},{Slot:5b,id:\"minecraft:oak_log\",Count:8b},{Slot:6b,id:\"minecraft:nether_bricks\",Count:8b},{Slot:7b,id:\"minecraft:blast_furnace\",Count:1b},{Slot:8b,id:\"minecraft:nether_bricks\",Count:8b}]}"
          }
        }
      }
    }
  }
}