{
  "parent": "medievalcastles:recipes/root",
  "display": {
    "icon": {
      "item": "minecraft:lectern"
    },
    "title": "Castle Chapel Crafting",
    "description": "G = Gold Ingot\nS = Stone\nO = Oak Log\nA = Glass Block\nL = Lectern\nB = Bell\nF = Bookshelf\nL  | B | Fx6\nAx8 | Gx8 | Ax8\nSx12  | Ox16 | Sx12",
    "frame": "task",
    "show_toast": false,
    "announce_to_chat": false,
    "hidden": false
  },
  "rewards": {
    "function": "medievalcastles:siteplanner/castleplanner/init_chapel"
  },
  "criteria": {
    "open-dropper": {
      "trigger": "minecraft:item_used_on_block",
      "conditions": {
        "location": {
          "block": {
            "block": "dropper",
			"nbt":"{Items:[{Slot:0b,id:\"minecraft:lectern\",Count:1b},{Slot:1b,id:\"minecraft:bell\",Count:1b},{Slot:2b,id:\"minecraft:bookshelf\",Count:6b},{Slot:3b,id:\"minecraft:glass\",Count:8b},{Slot:4b,id:\"minecraft:gold_ingot\",Count:8b},{Slot:5b,id:\"minecraft:glass\",Count:8b},{Slot:6b,id:\"minecraft:stone\",Count:12b},{Slot:7b,id:\"minecraft:oak_log\",Count:16b},{Slot:8b,id:\"minecraft:stone\",Count:12b}]}"
          }
        }
      }
    }
  }
}