{
  "parent": "medievalcastles:recipes/root",
  "display": {
    "icon": {
      "item": "minecraft:iron_bars"
    },
    "title": "Castle Gate Crafting",
    "description": "G = Gold Ingot\nS = Stone\nI = Iron Bars\nSx8  | Ix8 | Sx8\nIx8 | Gx4 | Ix8\nSx8  | Ix8 | Sx8",
    "frame": "task",
    "show_toast": false,
    "announce_to_chat": false,
    "hidden": false
  },
  "rewards": {
    "function": "medievalcastles:siteplanner/castleplanner/init_gate"
  },
  "criteria": {
    "open-dropper": {
      "trigger": "minecraft:item_used_on_block",
      "conditions": {
        "location": {
          "block": {
            "block": "dropper",
			"nbt":"{Items:[{Slot:0b,id:\"minecraft:stone\",Count:8b},{Slot:1b,id:\"minecraft:iron_bars\",Count:8b},{Slot:2b,id:\"minecraft:stone\",Count:8b},{Slot:3b,id:\"minecraft:iron_bars\",Count:8b},{Slot:4b,id:\"minecraft:gold_ingot\",Count:4b},{Slot:5b,id:\"minecraft:iron_bars\",Count:8b},{Slot:6b,id:\"minecraft:stone\",Count:8b},{Slot:7b,id:\"minecraft:iron_bars\",Count:8b},{Slot:8b,id:\"minecraft:stone\",Count:8b}]}"
          }
        }
      }
    }
  }
}