{
  "parent": "medievalcastles:recipes/root",
  "display": {
    "icon": {
      "item": "minecraft:cauldron"
    },
    "title": "Castle Brewery Crafting",
    "description": "G = Gold Ingot\nS = Stone\nO = Oak Log\nB = Bricks Block\nC = Cauldron\nR = Blaze Rod\nL = Barrel\nSx12  | Bx16 | Sx12\nRx3 | Gx8 | Lx4\nOx16  | Cx4 | Ox16",
    "frame": "task",
    "show_toast": false,
    "announce_to_chat": false,
    "hidden": false
  },
  "rewards": {
    "function": "medievalcastles:siteplanner/castleplanner/init_brewery"
  },
  "criteria": {
    "open-dropper": {
      "trigger": "minecraft:item_used_on_block",
      "conditions": {
        "location": {
          "block": {
            "block": "dropper",
			"nbt":"{Items:[{Slot:0b,id:\"minecraft:stone\",Count:12b},{Slot:1b,id:\"minecraft:bricks\",Count:16b},{Slot:2b,id:\"minecraft:stone\",Count:12b},{Slot:3b,id:\"minecraft:blaze_rod\",Count:3b},{Slot:4b,id:\"minecraft:gold_ingot\",Count:8b},{Slot:5b,id:\"minecraft:barrel\",Count:4b},{Slot:6b,id:\"minecraft:oak_log\",Count:16b},{Slot:7b,id:\"minecraft:cauldron\",Count:4b},{Slot:8b,id:\"minecraft:oak_log\",Count:16b}]}"
          }
        }
      }
    }
  }
}