{
  "type": "minecraft:command",
  "pools": [
    {
      "rolls": 1,
      "entries": [
        {
          "type": "minecraft:item",
          "name": "minecraft:totem_of_undying",
          "functions": [
            {
              "function": "minecraft:set_nbt",
              "tag": "{display:{Name:'{\"text\":\"Totem of Resurrection\",\"color\":\"gold\",\"italic\":false}',Lore:['{\"text\":\"Used to resurrect at the local chapel\",\"color\":\"gray\",\"italic\":false}','{\"text\":\"Blessed by the Priest\",\"color\":\"yellow\",\"italic\":false}']},omer03NitTotem:1b,Enchantments:[{}]}"
            }
          ]
        }
      ]
    }
  ]
}